Article_ID,Content,Content_EN,Title,Source,Time,Link
I003e403041c211e7892c8a18c3537592.1C,"丰盛控股（６０７）拟以约８０００万澳元买入五项澳洲土地物业 《经济通通讯社２６日专讯》丰盛控股（００６０７）宣布，旗下间接全资附属公司Ｆｉｖｅ
Ｓｅａｓｏｎｓ ＶＩＩ ＰｔｙＬｔｄ．（「Ｆｉｖｅ ＳｅａｓｏｎｓＶＩＩ」）与南京建工集团之全资附属公司Ｎａｎ ｊｉｎｇ Ｃｏｎｓｔｒｕｃｔｉｏｎ
Ｇｒｏｕｐ（Ａｕｓｔｒａｌｉａ）Ｗｈｉｓｐｅｒ Ｂａｙ Ｐｔｙ Ｌｔｄ．（「Ｎａｎｊｉｎｇ Ｃｏｎｓｔｒｕｃｔｉｏｎ
Ｇｒｏｕｐ」）签署买卖协议，ＦｉｖｅＳｅａｓｏｎｓ ＶＩＩ将向Ｎａｎｊｉｎｇ Ｃｏｎｓｔｒｕｃｔｉｏｎ
Ｇｒｏｕｐ配发及发行等同于１０２．１５９万澳元之代价股份，用以购买其间接全资附属公司ＷｈｉｓｐｅｒＯｎ Ｔｈｅ Ｗａｔｅｒ Ｐｔｙ
Ｌｔｄ．（「目标公司」）之全部已发行股份。 根据买卖协议，１．６５亿股代价股份将按发行价每股代价股份２．９６１港元发行，相等于周四（２５日）收市价之９０％。
目标公司主要从事资产管理、出租代理及酒店营运业务。 同时，为进一步发展集团于澳洲之旅游度假业务，集团积极整合澳洲区域之土地物业资源。
集团之间接附属公司Ｆｉｖｅ Ｓｅａｓｏｎｓ ＶＩＩ（Ａ） Ｐｔｙ Ｌｔｄ．（「买方Ａ」）与Ｗｈｉｓｐｅｒ Ｂａｙ Ｗｈｉｔｓｕｎｄａｙｓ Ｐｔｙ
Ｌｔｄ．（「卖方Ａ」）订立协议，拟分别以２４．５万澳元、１３５万澳元和７３１７．３３２５万澳元购买Ｌａｇｕｎａ、Ｓｎｏｗｙ Ｒｉｖｅｒ及Ｗｈｉｓｐｅｒ
Ｂａｙ之土地物业。 而ＦｉｖｅＳｅａｓｏｎｓ ＶＩＩ（Ｂ）Ｐｔｙ Ｌｔｄ．（「买方Ｂ」）亦与Ｗｈｉｓｐｅｒ ＢａｙＶｉｅｗｓ Ｐｔｙ
Ｌｔｄ．（「卖方Ｂ」）订立协议，拟以２１０万澳元及２２０万澳元购买Ａｌｔｍａｎｎ及Ｓｈｉｎｇｌｅｙ之土地物业。
该集团拟向卖方Ａ及卖方Ｂ配发及发行总计相当于７９０６．８３２５万澳元之代价股份支付收购代价。 Ｌａｇｕｎａ、Ｓｎｏｗｙ Ｒｉｖｅｒ、Ｗｈｉｓｐｅｒ
Ｂａｙ、Ａｌｔｍａｎｎ及Ｓｈｉｎｇｌｅｙ分别位于Ｌａｇｕｎａ Ｑｕａｙｓ、Ｓｎｏｗｙ Ｒｉｖｅｒｗａｙ Ｂｅｌｏｋａ ＮＳＷ、１１ Ａｌｔｍａｎｎ Ａｖｅ
Ｃａｎｎｏｎｖａｌｅ ＱＬＤ４８０２、１４ｃ ａｎｄ ２６ Ａｌｔｍａｎｎ Ａｖｅｎｕｅ Ｃａｎｎｏｎｖａｌｅ ＱＬＤ４８０２及１４５ Ｓｈｉｎｇｌｅｙ
Ｄｖ Ｃａｎｎｏｎｖａｌｅ ＱＬＤ４８０２，总面积约为１１５３．８３９公顷。（ｃｙ）

","FULLSHARE HOLDINGS LIMITED (607) to buy five Australian land properties for about A $ 80 million FELLSHARE HOLDINGS LIMITED (00607) announced that its indirect wholly-owned subsidiary, Five
Seasons VII Pty Ltd. (""Five SeasonsVII"") and Nanjing Construction, a wholly-owned subsidiary of Nanjing Construction Group
Group (Australia) Whisper Bay Pty Ltd. (""Nanjing Construction
Group "") signed the sale and purchase agreement, FiveSeasons VII will Nanjing Construction
Group allotted and issued a consideration equivalent to A $ 1,021,590 for the purchase of WhisperOn The Water Pty, its indirect wholly-owned subsidiary
Ltd. (The ""Target Company"") of the entire issued share capital. Under the Sale and Purchase Agreement, 165 million Consideration Shares will be issued at the issue price of HK $ 2.961 per Consideration Share, equivalent to 90% of the closing price on Thursday (25th).
The Target Company is principally engaged in asset management, rental agency and hotel operation. In the meantime, in order to further develop the Group's travel and vacation business in Australia, the Group actively integrated its land property resources in the Australian region.
Five Seasons VII (A) Pty Ltd.,an indirect subsidiary of the Group (""Buyer A"") and Whisper Bay Whitsundays Pty
Ltd. (""Vendor A"") to purchase Laguna, Snowy River and Whisper respectively at A $ 245,000, A $ 1.35 million and A $ 73,173,325, respectively
Bay's Land Property. FiveSeasons VII (B) Pty Ltd. (""Buyer B"") and Whisper BayViews Pty
Ltd. (""Vendor B"") entered into an agreement to purchase the land properties of Altmann and Shingley for A $ 2.1 million and A $ 2.2 million.
The Group intends to allot and issue to Vendor A and Vendor B a consideration representing the Consideration Shares in the aggregate amount of A $ 79,086,325 for the Acquisition Consideration. Laguna, Snowy River, Whisper
Bay, Altmann and Shingley are located at Laguna Quays, Snowy Riverway Beloka NSW, 11 Altmann Ave
Cannonvale QLD4802,14c and 26 Altmann Avenue Cannonvale QLD4802 and 145 Shingley
Dv Cannonvale QLD4802 with a total area of ​​about 1153.839 hectares. (Cy)",丰盛控股（６０７）拟以约８０００万澳元买入五项澳洲土地物业,Not Reuters,10/01/2015 06:36 PM,file:///C:\Users\uc238618\Desktop\TR-Intern\Web App\Data/Articles/articles_1000_NewsRoom\I003e403041c211e7892c8a18c3537592.1C.html
I004b105014f211e7be9b8c305f72805d.1C,"上市公司业绩公布总览（四） 《经济通通讯社３０日专讯》上市公司业绩公布总览（四）：公司/股份编号 期间 溢利（亏损） 变动 每股派息 备注 （元） （％）
－－－－－－－－－－－－－－－－－－－－－－－－－－－－－－－－－－－－－－－－－－新矿资源 （０１２３１） 全年 （５．４亿） 亏损扩 －－ 人币北控清洁
（０１２５０） 全年 ５．１亿 ＋１２．１倍 －－ －－柏能集团 （０１２６３） 全年 １．５亿 亏转盈 末期息１０．８仙 －－
特别息３．６仙盛力达科技（０１２８９） 全年 ２８６０．８万 亏转盈 ５分 人币中地乳业 （０１４９２） 全年 ＃１．１亿 ＋１５ －－ 人币庄园牧场
（０１５３３） 全年 ７５９１．０万 ＋４ ７．４２分 人币优质能源 （０１５７３） 全年 ２．１亿 ＋３３ －－ 人币物流资产 （０１５８９） 全年
７．２亿 －４０ －－ 人币国银租赁 （０１６０６） 全年 １５．６亿 ＋４８ ５．５６分 人币银仕来控股（０１６１６） 全年 ２４５２．５万 ＋２．３倍
－－ 人币依波路 （０１８５６） 全年 （１．５亿） 亏损增 －－ －－彩客化学 （０１９８６） 全年 １．２亿 ＋２４ ７．３分 人币 １送１红股锦江酒店
（０２００６） 全年 ７．６亿 －１２ ８分 人币百奥家庭 （０２１００） 全年 ３５５１．３万 －６４ 特息１．８港仙 人币天山发展 （０２１１８） 全年
１．２亿 －１１ ２港仙 人币绿叶制药 （０２１８６） 全年 ８．９亿 ＋１８ ３．５分 人币金风科技 （０２２０８） 全年 ３０．０亿 ＋５ ２０分 人币
１０送３红股海蓝控股 （０２２７８） 全年 ６５０１．２万 －６６ －－ 人币申基国际 （０２３１０） 全年 （２６０７．４万） 亏损减 －－
－－－－－－－－－－－－－－－－－－－－－－－－－－－－－－－－－－－－－－－－－－－－＃于生物资产公允价值调整后业绩（ｊｃ）
＊有关业绩详情，请参阅以上公司之正式通告

","(IV) Summary of Results Announcement of Listed Companies by Economic News Service 30 (IV): Changes in Profit (Loss) Per Share of Company / Share No. Remark (per share)
------------------------------------------ New Mine Resources (01231) throughout the year (540 million) loss expansion - RMB North control clean
(01250) FY10,51 + 12.1x - - Pioneer Group (01263) Fiscal Year-to-Date 150 Million Liabilities Ending 10.8 cents -
Special Interest 3.6 Xian Sheng LIDA HOLDINGS LIMITED Technology (01289) Full Year 28.608 million Turnover 5-cent Renminbi CHINA ZHONGDI DAIRY HOLDINGS COMPANY LIMITED (01492) Full Year # 110 million +15 - Renminbi Farm Ranch
(01533) Full year 75.91 million +4 7.42 cents Premium energy (01573) Full year 210 million +33 - RMB Logistics assets (01589) Full year
720 million -40 - Renminbi State Bank Leasing (01606) Full Year 1.56 +48 5.56 cents Renminbi Yinshih Holdings (01616) 24.525 million +2.3 times of the whole year
- Renminbi By Bo Lu (01856) Full Year (150 million) Loss Increase - - Tsaker Chemical Group Limited (01986) Full year 120 +24 7.3 cents 1 get 1 Bonus Shanghai Jin Jiang International Hotels Development Co.,Ltd.
(02006) Full year 760 million -128 cent Baiyao Family (02100) Full Year 35,513,000 -64 Special 1.8 Hong Kong Dollar Renminbi Dezhan Health Co.,Ltd Development (02118) Full Year
120 million -11 2 Hong Kong cents LUYE PHARMA GROUP LTD. (02186) Full year 890 million +18 3.5 cents XINJIANG GOLDWIND TECHNOLOGY & TECHNOLOGY CO.,LTD (02208) Full year 3.0 billion +5 20 minutes coins
10 bonus 3 bonus shares Hai Lan Holdings (02278) Full Year 65012K -66 - Renminbi Shenji International (02310) Full Year (26074K) Losses Less -
-------------------------------------------- # The fair value of biological assets Adjusted results (jc)
* For performance details, please refer to the above company's official announcement",上市公司业绩公布总览（四）,Not Reuters,09/30/2016 10:01 AM,file:///C:\Users\uc238618\Desktop\TR-Intern\Web App\Data/Articles/articles_1000_NewsRoom\I004b105014f211e7be9b8c305f72805d.1C.html
I005dfe10fa0111e69db2d33848f9cf4d.1C,"板块轮流炒
高追恐遇险内地股市昨天轻微回调，沪深指数分别下跌0.3%及0.11%。此前累积较大升幅的水泥股昨天回吐逾3%，成为表现最差的板块；医药股接力向上，逆市上升逾1%，表现最佳。股市大涨小回及板块轮流炒作的特点尚未转变，投资者仍可维持对优质股份逢低吸纳的策略。沪指昨收报3251点，两市总成交金额为5181亿元（人民币．下同），比前日略增约160亿元。笔者此前已提过，若A股成交金额未见进一步上升，维持在5000亿元的水平，沪指恐怕仍要在3200点附近横行。本周以来，上证的表现亦大致如是，且看下周两会临近，能否带来新突破。在资金有限的情况下，继续在不同板块间轮流炒作。过去一个月升逾一成的水泥板块，昨天出现强劲回吐。前日升逾5%的金隅（601992.SH），昨天跌5%，打回原形；前日涨停的尖峰集团（600668.SH）及祁连山（600720.SH），昨天亦分别回吐5%及4%。近期没有受到太多关注的生物製药板块，昨天逆市受捧，整体上升1.1%。其中，葵花药业（002737.SZ）及亿帆医药（002019.SZ）涨停、益佰制药（600594.SH）升9.9%、人福医药（600079.SH）升6.8%、康弘药业（002773.SZ）升4.7%、北陆药业（300016.SZ）升4.1%。医药股之所以受到关注，或与近期官方积极推动的医改有关。人社部网站近日公布了新版《国家基本医疗保险、工伤保险和生育保险药品目录（2017年版）》，新增363个品种。其中，以中药企业的受惠最大，有两百多个品种得以加入名单。包括益佰制药在内的多家上市中药企业，均有多个产品入围。昨天另一隻逆市涨停的股份，还包括鼎泰新材（002352.SZ），该股之所以有如此突出的表现，主要因为被顺丰速运借壳上市。顺丰近日公布，预计2016年度营业总收入574.83亿元，同比增长21.51%；归属于上市公司股东的淨利润为41.8亿元，同比增长112.51%。严打抽水收紧再融资顺丰的利润不但接近内地主要快递企业「三通一达」（即圆通、中通、申通、韵达）的业绩总和，而且扣除非经常性损益后归属于上市公司股东的淨利润约为
26.43亿元，亦比借壳上市时所承诺的21.8亿元利润为多。在网购需求持续增长下，顺丰前景仍然乐观。顺丰速运借壳鼎泰新材的工作其实已进行了一段时间，鼎泰新材近日之所以大涨，主要因为市场误传该股今日会正式改名为顺丰控股。不过，其后公司澄清，顺丰尚未正式上市，时间仍待公布。最近一段时间，内地股市监管趋严，政府有意打压在市场肆意「抽水」的行为。所以，近期便宣布，要收紧企业再融资的限制。有内地媒体统计发现，过往A股上市企业在股市大力「抽水」，派息分红的金额却微不足道。统计显示，过往透过批股等方式在股市进行再融资，金额超过100亿元的公司共有115家。不过，当中只有11家公司累计现金分红金额超过其「抽水」量。资金一去无回头，部分企业更是不断「抽水」以填补亏损，但经营效益一直未见改善。内地股市需要好好整治，相信证监会仍会推出更多规管政策。传郭树清接掌中银监有消息指出，曾任内地证监会主席的郭树清将会接替即将退休的尚福林，担任银监会主席。属于改革派的郭树清上任，或有为银行业带来一番新景象。事实上，目前银行业最大的问题在于表外贷款，有关影子银行、高息理财产品等所带来的风险持续受到关注。所以，郭树清上任后预计会收紧对此类业务的监管，对整体金融安全有利，但对银行短期利润或有负面影响，值得留意。

","Plate rotation speculation
High chase and fear of distress Mainland stocks slightly retreated yesterday, the Shanghai and Shenzhen stock indexes fell 0.3% and 0.11%. Cement stocks, which had accumulated a large increase earlier, shed more than 3% yesterday and became the worst performing sector. Pharmaceutical stocks relayed the upward trend and surged over 1% against the market, which showed the best performance. The stock market rose small and the plate took turns speculation features have not changed, investors can still maintain the strategy of absorbing high bargain stakes. Stock index closed at 3251 points yesterday, the total turnover of 518.1 billion yuan (RMB. The same below), an increase of about 160 billion yuan over the previous day. I have already mentioned before, if the amount of A-share turnover no further rise to maintain the level of 500 billion yuan, stock index probably still in the vicinity of 3200 rampant. This week, the performance of the Shanghai Stock Exchange is also roughly the case, and look next week will approaching, can bring a new breakthrough. In the case of limited funds, continue to take turns in different sections speculation. The cement sector, which rose more than 10% in the past month, showed a strong take-back yesterday. Gold Corner (601992.SH), which rose more than 5% on the previous day, slipped 5% yesterday to regain the original shape. The ex-day rush-hour Spirits Group (600668.SH) and Qilian Hill (600720.SH) yesterday retreated 5% and 4 %. The biopharmaceutical sector, which has not received much attention recently, was hit by the adverse market yesterday with an overall increase of 1.1%. Among them, Sunflower Pharmaceutical (002737.SZ) and billion fan medicine (002019.SZ) daily limit, Guizhou Yibai Pharmaceutical Co.,Ltd. (600594.SH) rose 9.9%, Humanwell Healthcare (Group) Co.,Ltd. Pharmaceutical 600079.SH) rose 6.8%, Chengdu Kanghong Pharmaceuticals Group Co.,Ltd (002773.SZ) rose 4.7%, Hokuriku Pharmaceutical (300016.SZ) rose 4.1%. The reason for the attention of the pharmaceutical stocks, or with the recent official promotion of health reform related. The website of the Ministry of Human Resources and Social Security recently released a new edition of ""National Basic Medical Insurance, Industrial Injury Insurance and Maternity Insurance Catalog of Drugs (2017 Edition)"", adding 363 new varieties. Among them, the largest beneficiaries of traditional Chinese medicine enterprises, more than 200 varieties to be added to the list. Many listed Chinese medicine companies, including Guizhou Yibai Pharmaceutical Co.,Ltd.,have selected several products. Yesterday another counter-inflation daily limit, including S.F. Holding Co.,Ltd. (002352.SZ), the reason why the stock has so outstanding performance, mainly because of SF Express backdoor listing. SF announced recently that operating revenue in 2016 is expected to reach 57.483 billion yuan, an increase of 21.51% over the same period of last year. Net profit attributable to shareholders of the listed company was 4.18 billion yuan, an increase of 112.51% over the same period of last year. Striking Pumping Tightening and Refinancing SF Profit not only approaches the total business performance of the ""three direct links"" (ie Yuantong, Zhongtong, Shen Tong and Yun Da), the major express delivery companies in the Mainland, but also net of shareholders attributable to the Company after deducting non-recurring gains and losses Profit is about
2.643 billion yuan, more than the 2.18 billion yuan profit committed when it was listed on the backdoor. Under the continuous growth of online shopping demand, SF outlook is still optimistic. SF Holding Co.,Ltd. has actually been in operation for some time. The reason why SF Holding Co.,Ltd. rose sharply recently was mainly because the market misstated the stock will be officially renamed as SF Holding Co. today, Ltd. However, the company later clarified, SF has not yet officially listed, the time remains to be announced. Recently, the stock market supervision in the Mainland toughened the government intends to suppress the market in the wanton ""pumping"" behavior. Therefore, we recently announced that we should tighten the restrictions on refinancing of enterprises. According to statistics from the Mainland media, in the past, A-share listed companies vigorously ""pumped water"" in the stock market. However, the dividend payment was insignificant. Statistics show that in the past through refinancing of stocks and other means in the stock market, a total of more than 10 billion yuan of the company a total of 115. However, only 11 of them have accumulated cash dividends exceeding their ""pumping"" amount. As soon as funds go back, some companies continue to ""pump water"" to cover their losses, but their operating efficiency has not seen any improvement. The mainland stock market needs a good remediation and I believe the SFC will still introduce more regulatory policies. Biography Guo Shuqing took over the China Banking Regulatory Commission Some news pointed out that former Chairman of the Mainland Securities Commission Guo Shuqing will succeed Shang Fulin, who will retire, as the CBRC chairman. Guo Shuqing, a reformist, took office or has brought some new scenes to the banking industry. In fact, the biggest problem currently facing the banking sector lies in off-balance sheet lending. The risks associated with shadow banking and high-interest wealth management products continue to attract attention. Therefore, after taking office, Guo Shuqing is expected to tighten the supervision over such businesses and is good for the overall financial security. However, it is worth noting that the short-term profits of banks may have a negative impact.",板块轮流炒 高追恐遇险,Not Reuters,02/11/2016 02:55 PM,file:///C:\Users\uc238618\Desktop\TR-Intern\Web App\Data/Articles/articles_1000_NewsRoom\I005dfe10fa0111e69db2d33848f9cf4d.1C.html
I012df530135011e79dccf055406ffee1.1C,"《中国已公布新股发行上市日程表》--3月28日新股发行
-------------------------------------------------------------------------------------
网上申购日 证交所 公司名称 申购代码 发行量(万股) 发行价(元) 市盈率(倍) 主承销商 缴款日3/29 深 星帅尔 002860 2,025.956
*19.81 *20.74 安信证券 3/313/29 沪 利群股份 780366 17,600 *8.82 *22.98 中信证券 3/313/29 深
实丰文化 002862 2,000 11.17 22.98 东海证券 3/313/30 沪 联泰环保 732797 5,334 -- -- 申万宏源
4/53/30 深 扬帆新材 300637 3,000 -- -- 海通证券 4/53/30 深 凯普生物 300639 2,250 -- -- 广发证券
4/53/31 沪 坤彩科技 732826 9,000 -- -- 国金证券 4/63/31 沪 科林电气 732050 3,334 -- -- 东吴证券
4/63/31 深 瀛通通讯 002861 3,068 -- -- 中信证券 4/64/6 深 正丹股份 300641 7,200 -- -- 中金公司
4/104/6 深 今飞凯达 002863 5,550 -- -- 财通证券 4/104/6 沪 铁流股份 732926 3,000 -- -- 安信证券
4/104/7 沪 新凤鸣 732225 7,730 -- -- 申万宏源 4/11*4/7 沪 瑞斯康达 732803 5,680 -- -- 招商证券
4/114/10 沪 康惠製药 732139 2,497 -- -- 国金证券 4/12*4/10 沪 大丰实业 732081 5,180 -- --
国泰君安 4/12
-----------------------------------------------------------------------------------
暂缓发行 沪 海 尔 施 780206 不超过6,900 -- -- 瑞信方正 --暂缓发行 深 奥 赛 康 300361 5,546.6 72.99 67
中金公司 --暂缓发行 深 宏良股份 002720 3,710 16.18 15.25 华龙证券
-------------------------------------------------------------------------------------新股上市:
-----------------------------------------------------------------------------------
上市日 证交所 公司名称 股票代码 上市量 发行价(元/股) 市盈率(倍) 主承销商 3/28 深 普利製药 3,052.9405 11.49 22.99
海通证券3/28 沪 圣龙股份 5,000 7.53 22.99 国信证券3/28 沪 欧派家居 4,151 50.08 22.99 国泰君安*3/29 沪
广州港 69,868 2.29 22.98 中金公司-- 沪 得邦照明 6,000 18.63 15.10 浙商证券-- 沪 美思德 2,500 12.92
20.01 广发证券-- 深 同和药业 2,000 14.47 22.98 国金证券-- 深 洁美科技 2,633.8 29.82 22.98 国信证券--
沪 惠达卫浴 7,104 13.27 21.40 平安证券-- 深 达安股份 2,120 12.39 19.51 国金证券-- 沪 金麒麟 5,250
21.37 22.98 国金证券-- 沪 龙蟠科技 5,200 9.52 22.99 国泰君安 -- 深 开立医疗 4,001 5.23 22.97
长城证券-- 深 光莆股份 2,895 7.39 22.96 中信建投-- 沪 美诺华 3,000 14.03 22.98 浙商证券-- 深 广和通
2,000 10.45 22.97 国信证券-- 沪 江化微 1,500 24.18 22.99 华泰联合 注: 1.本表包括新股发行及上市。
2.*代表有更新。(完)(发稿 林琦; 审校 乔艳红) ((路透中文新闻部:+86-21-61041787;传真 86-21-61041728
;qi.lin@thomsonreuters.com; Reuters Messaging:
qi.lin.thomsonreuters.com@reuters.net))

","""China has announced IPO listing schedule"" - March 28 IPO
-------------------------------------------------- -----------------------------------
Online Subscription Day Stock Exchange Company Name Purchase Code Circulation (Million Shares) Issue Price (Million) P / E (Times) Lead Underwriter Payment Date 3/29 深星 尔 尔 002860 2,025.956
* 19.81 * 20.74 Essence Securities 3/313/29 Shanghai Liqun 780366 17,600 * 8.82 * 22.98 CITIC Securities Company Limited 3/313/29
Shi Feng Culture 002862 2,000 11.17 22.98 Donghai Securities 3/313/30 Shanghai LUEN THAI HOLDINGS LIMITED Environmental Protection 732797 5,334 - - Shenwan Hongyuan Group CO.,LTD Hongyuan
4/53/30 Deep Sail New Material 300637 3,000 - - Haitong Securities Co.,Ltd. 4/53/30 Shenkaopu Bio 300639 2,250 - - GF Securities Company Limited
4/53/31 Shanghai Kuncai Technology 732826 9,000 - - Sinolink Securities Co.,Ltd. Securities 4/63/31 Shanghai Colin Electric 732050 3,334 - - Soochow Securities Co.,Ltd.
4/63/31 Shen Ying Tong 002861 3,068 - - CITIC Securities Company Limited 4/64/6 Shen Zheng Dan 300641 7,200 - - China International Capital Corporation Limited
4/104/6 SHENZHEN FIYTAK 002863 5,550 - - Fortune Securities 4/104/6 Shanghai Railway shares 732926 3,000 - - Essence Securities
4/104/7 Shanghai Xinfengming Group Co.,Ltd. 732225 7,730 - - Shenwan Hongyuan Group CO.,LTD Hongyuan 4/11 * 4/7 Hulusikangda 732803 5,680 - - China Merchants Securities Co .,Ltd.
4/114/10 Shanghai Huifeng Pharmaceutical 732139 2,497 - - Sinolink Securities Co.,Ltd. Securities 4/12 * 4/10 Shanghai Dafeng Industrial 732081 5,180 - -
 Guotai Junan Securities Co.,Ltd. 4/12
-------------------------------------------------- ---------------------------------
Postponed issuance of Shanghai Haishu 780206 No more than 6,900 - - Credit Suisse Founder - Suspension of issuance of Fuyou Saikang 300361 5,546.6 72.99 67
 China International Capital Corporation Limited - Suspension of SZH shares 002720 3,710 16.18 15.25 Hualong Securities
-------------------------------------------------- ----------------------------------- IPO:
-------------------------------------------------- ---------------------------------
Listing Date Stock Exchange Company Name Stock Code Listing Volume Issue Price (RMB / share) P / E (Multiple) Lead Underwriter 3/28 Shen Puli Pharmaceutical 3,052.9405 11.49 22.99
 Haitong Securities Co.,Ltd. 3/28 Shanghai Shenglong Co.,Ltd. 5,000 7.53 22.99 GUOSEN SECURITIES CO.,LTD. Securities 3/28 Shanghai Oppein Home Group Inc. 4,151 50.08 22.99 Shanghai
 Guangzhou Port Company Limited 69,868 2.29 22.98 China International Capital Corporation Limited - Shanghai Top Lighting 6,000 18.63 15.10 Zheshang Securities - Shanghai Mei Side 2,500 12.92
20.01 GF Securities Company Limited - Sitong and Pharmaceuticals 2,000 14.47 22.98 Sinolink Securities Co.,Ltd. Securities - SJT 2,633.8 29.82 22.98 GUOSEN SECURITIES CO.,LTD. Securities -
Shanghai Huida Sanitary and Bathroom Appliances 7,104 13.27 21.40 Ping An Securities - Shen Daan Shares 2,120 12.39 19.51 Sinolink Securities Co.,Ltd. Securities - Shanghai Unicorn 5,250
21.37 22.98 Sinolink Securities Co.,Ltd. Securities - Shanghai Longpan Science & Technology 5,200 9.52 22.99 Guotai Junan Securities Co.,Ltd. - Shenzhen Open Medical 4,001 5.23 22.97
Great Wall Securities - Shenpeipu shares 2,895 7.39 22.96 CSC - Shanghai Sino Novartis 3,000 14.03 22.98 Zheshang Securities - Shen Guang He Tong
2,000 10.45 22.97 GUOSEN SECURITIES CO.,LTD. Securities - Hujiang Weicheng 1,500 24.18 22.99 Orient Semiconductor Electronics, Limited Notes: 1. This table includes the issuance and listing of new shares.
2. * Representatives have updates. (End) (Writer Lin Qi; Review Qiao Yanhong) ((Reuters Department of Chinese Information: + 86-21-61041787; Fax 86-21-61041728
; qi.lin@thomsonreuters.com; Reuters Messaging:
qi.lin.thomsonreuters.com@reuters.net))",《中国已公布新股发行上市日程表》--3月28日,Reuters,01/09/2010 11:28 AM,file:///C:\Users\uc238618\Desktop\TR-Intern\Web App\Data/Articles/articles_1000_NewsRoom\I012df530135011e79dccf055406ffee1.1C.html
I014738f0368311e794b1f283d60bc748.1C,"《全球汇市》美元兑日圆下跌，但因美联储升息预期美元前景仍看好* 美元兑日圆下滑，但美元前景仍然亮丽* 美国数据巩固美国升息预期*
新西兰元挫跌1.5%，受新西兰央行政策前景影响路透纽约5月11日 -
美元兑日圆周四在五个交易日内首日下跌，因投资者在近期涨势后调整头寸，对美国总统特朗普突然开除美国联邦调查局(FBI)局长科米的担忧也损及美元。""我们的确需要新诱因的刺激，因为我们追踪的每日材料显示，美元/日圆已经超买，""道明证券外汇策略部门北美主管Mark
McCormick说。不过，美元前景仍然亮丽，特别是周四美国数据良好，巩固了美国联邦储备理事会(美联储/FED)下月升息的预期。数据显示，上周美国初请失业金人数意外下跌，4月生产者物价指数强劲反弹。""尽管3月美国一系列经济数据乏善可陈，但4月看来出现反弹，""Forex.com研究部门主管James
Chen说。他补充说，近期报告支持美联储可能6月升息。根据Macroeconomic
Advisers，在周四数据发布后，美国第二季经济可望成长3.9%。根据CME的FedWatch，利率期货市场预计美联储下月再次收紧政策的机率为85%。不过，科米被开除的消息仍然重压美元，分析师说，可能抑制了美元兑日圆上涨。美国联邦调查局(FBI)局长科米在被总统特朗普解除职务的数日前向国会议员表示，正在寻求更多的资源，以调查特朗普竞选阵营与俄罗斯之间是否串通以影响2016年美国大选。[nL4S1ID04Q]与此同时，英镑兑美元触及一周低位，此前英国央行通胀报告显示未来两年不太可能升息。英镑尾盘跌0.5%，报1.2880美元。英国央行货币政策委员会(MPC)以7-1的票数决定维持利率在纪录低点0.25%不变。[nZRS260J04]纽约尾盘，美元兑避险日圆跌0.4%至113.87日圆，兑避险的瑞郎下滑0.2%至1.0073瑞郎。美元指数
跌0.1%，至99.625。新西兰元也下跌，降至近一年低位，此前新西兰央行重申了政策中性立场，警告称投资者对于前景的解读有误，央行还表达了对新西兰元今年下跌的认同。(完)
****如欲参考原文报导，请点选[nL1N1ID1HS]即可撷取浏览**** ****查阅相关新闻或页面，请点选下列代码连结****全球汇市简讯
[FXNEWS/CN] 英文汇市简讯页面全球汇市报导 [FRX/CN] 汇市技术面解析 [TECH/FRXCN]所有外汇新闻 [FRX-CMN]
汇率路透调查 [FRX-CPOLL]美加经济指标预测 [US/ECICN] 欧洲经济指标预测 [EU/ECICN]指标利率一览 [INT-CFACT]
澳元、新西兰元报导 [AUD/CN]英镑报导 [GBP/CN] 台币报导 [TWD/CN]人民币报导 [CNY/CN] 韩元报导
[KRW/CN]南非兰特报导 [ZAR/CN] 亚洲盘现汇报价欧洲盘现汇报价 纽约盘现汇报价全部现汇报价(编译 利棣儿；审校 刘静)
((Maggie.T.Lee@thomsonreuters.com; 1-416-9418111; Reuters Messaging:
maggie.t.lee.thomsonreuters.com@thomsonreuters.net))

","US dollar weakened against Yoyojin but bullish outlook due to Fed rate hike * USDJPY declined but US dollar outlook remains bright * US data consolidates US rate hike *
New Zealand dollar tumbled 1.5% on New Zealand central bank policy outlook Reuters NEW YORK, May 11 -
The dollar fell against the yen on the first day of trading within five trading days on Thursday, as concerns over the sudden expulsion of FBI chief Komi from U.S. President Donald Trump due to investors adjusting their positions after the recent rally hurt the dollar. ""We do need the stimulus of new triggers because the daily materials we tracked show that the USD / JPY has overbought,"" said Mark Dow, chief North American director of currency strategy at TD Securities
McCormick said. However, the outlook for the U.S. dollar remains rosy. In particular, the good U.S. data on Thursday consolidated the expectation that the Federal Reserve will raise interest rates next month. Data show that U.S. jobless claims fell unexpectedly last week, and the producer price index rebounded strongly in April. ""Although a series of economic data in the United States showed signs of weakness in March, there appears to be a rebound in April,"" said James James, head of research at Forex.com
Chen said. He added that recent reports support the Fed's interest rate hike in June. According to Macroeconomic
Advisers, the United States in the second quarter economy is expected to grow 3.9% after data released on Thursday. According to CME's FedWatch, the interest rate futures market expects the chances of the Fed tightening policy again next month to 85%. However, the news that Comic expelled still weighs on the dollar, analysts said, may curb the dollar against the yen rise. A few days before the removal of President Trump, Secretary of the FBI said to members of Congress that he was seeking more resources to investigate whether collusion between the Trump campaign and Russia would affect 2016 U.S. election. Meanwhile, the pound hit a one-week low against the dollar after the Bank of England's inflation report showed it is unlikely to raise interest rates in the next two years. The pound was down 0.5% at 1.2880. The Bank of England's Monetary Policy Committee (MPC) voted 7-1 to keep interest rates unchanged at a record low of 0.25%. [nZRS260J04] In late afternoon New York, the dollar fell 0.4% against the safe-haven yen to 113.87 yen, while the safe-haven CHF fell 0.2% to 1.0073 Swiss francs. The dollar index
Down 0.1% to 99.625. The New Zealand dollar also fell to a nearly one-year low after RBNB reiterated its policy neutral stance by warning investors that the outlook was incorrectly interpreted and the central bank also expressed its approval of the New Zealand dollar's fall this year. (Finish)
**** For the sake of reference, please click [nL1N1ID1HS] to view. **** **** For related news or page, please click the code below to connect **** Global Exchange Brief
[FXNEWS / CN] English Currency Market News Page Global FX Report [FRX / CN] Forex Technical Analysis [TECH / FRXCN] All Forex News [FRX-CMN]
Exchange Rate Reuters Surveys [FRX-CPOLL] US / Canada Economic Indicators Forecast [US / ECICN] European Economic Indicators Forecast [EU / ECICN] Indicators Interest Rates Overview [INT-CFACT]
Australian Dollar, New Zealand Dollar Report [AUD / CN] Pound Report [GBP / CN] TWD Report [TWD / CN] RMB Report [CNY / CN]
[KRW / CN] South African Rand [ZAR / CN] Asian Currencies Spot Price European Currencies Cash Offer New York Currencies Cash & Carry Price All Currencies Price (Compile Listi;
((Maggie.T.Lee@thomsonreuters.com; 1-416-9418111; Reuters Messaging:
maggie.t.lee.thomsonreuters.com@thomsonreuters.net))",《全球汇市》美元兑日圆下跌，但因美联储升息预期美元前景仍看好,Reuters,06/16/2011 09:52 AM,file:///C:\Users\uc238618\Desktop\TR-Intern\Web App\Data/Articles/articles_1000_NewsRoom\I014738f0368311e794b1f283d60bc748.1C.html
